[{"model": "app.planet", "pk": 1, "fields": {"created": "2014-12-09T13:50:49.641Z", "modified": "2014-12-20T20:58:18.411Z", "name": "Tatooine", "rotation_period": "23", "orbital_period": "304", "diameter": "10465", "climate": "arid", "gravity": "1 standard", "terrain": "desert", "surface_water": "1", "population": "200000"}}, {"model": "app.planet", "pk": 2, "fields": {"created": "2014-12-10T11:35:48.479Z", "modified": "2014-12-20T20:58:18.420Z", "name": "Alderaan", "rotation_period": "24", "orbital_period": "364", "diameter": "12500", "climate": "temperate", "gravity": "1 standard", "terrain": "grasslands, mountains", "surface_water": "40", "population": "2000000000"}}, {"model": "app.planet", "pk": 3, "fields": {"created": "2014-12-10T11:37:19.144Z", "modified": "2014-12-20T20:58:18.421Z", "name": "Yavin IV", "rotation_period": "24", "orbital_period": "4818", "diameter": "10200", "climate": "temperate, tropical", "gravity": "1 standard", "terrain": "jungle, rainforests", "surface_water": "8", "population": "1000"}}, {"model": "app.planet", "pk": 4, "fields": {"created": "2014-12-10T11:39:13.934Z", "modified": "2014-12-20T20:58:18.423Z", "name": "Hoth", "rotation_period": "23", "orbital_period": "549", "diameter": "7200", "climate": "frozen", "gravity": "1.1 standard", "terrain": "tundra, ice caves, mountain ranges", "surface_water": "100", "population": "unknown"}}, {"model": "app.planet", "pk": 5, "fields": {"created": "2014-12-10T11:42:22.590Z", "modified": "2014-12-20T20:58:18.425Z", "name": "Dagobah", "rotation_period": "23", "orbital_period": "341", "diameter": "8900", "climate": "murky", "gravity": "N/A", "terrain": "swamp, jungles", "surface_water": "8", "population": "unknown"}}, {"model": "app.planet", "pk": 6, "fields": {"created": "2014-12-10T11:43:55.240Z", "modified": "2014-12-20T20:58:18.427Z", "name": "Bespin", "rotation_period": "12", "orbital_period": "5110", "diameter": "118000", "climate": "temperate", "gravity": "1.5 (surface), 1 standard (Cloud City)", "terrain": "gas giant", "surface_water": "0", "population": "6000000"}}, {"model": "app.planet", "pk": 7, "fields": {"created": "2014-12-10T11:50:29.349Z", "modified": "2014-12-20T20:58:18.429Z", "name": "Endor", "rotation_period": "18", "orbital_period": "402", "diameter": "4900", "climate": "temperate", "gravity": "0.85 standard", "terrain": "forests, mountains, lakes", "surface_water": "8", "population": "30000000"}}, {"model": "app.planet", "pk": 8, "fields": {"created": "2014-12-10T11:52:31.066Z", "modified": "2014-12-20T20:58:18.430Z", "name": "Naboo", "rotation_period": "26", "orbital_period": "312", "diameter": "12120", "climate": "temperate", "gravity": "1 standard", "terrain": "grassy hills, swamps, forests, mountains", "surface_water": "12", "population": "4500000000"}}, {"model": "app.planet", "pk": 9, "fields": {"created": "2014-12-10T11:54:13.921Z", "modified": "2014-12-20T20:58:18.432Z", "name": "Coruscant", "rotation_period": "24", "orbital_period": "368", "diameter": "12240", "climate": "temperate", "gravity": "1 standard", "terrain": "cityscape, mountains", "surface_water": "unknown", "population": "1000000000000"}}, {"model": "app.planet", "pk": 10, "fields": {"created": "2014-12-10T12:45:06.577Z", "modified": "2014-12-20T20:58:18.434Z", "name": "Kamino", "rotation_period": "27", "orbital_period": "463", "diameter": "19720", "climate": "temperate", "gravity": "1 standard", "terrain": "ocean", "surface_water": "100", "population": "1000000000"}}, {"model": "app.planet", "pk": 11, "fields": {"created": "2014-12-10T12:47:22.350Z", "modified": "2014-12-20T20:58:18.437Z", "name": "Geonosis", "rotation_period": "30", "orbital_period": "256", "diameter": "11370", "climate": "temperate, arid", "gravity": "0.9 standard", "terrain": "rock, desert, mountain, barren", "surface_water": "5", "population": "100000000000"}}, {"model": "app.planet", "pk": 12, "fields": {"created": "2014-12-10T12:49:01.491Z", "modified": "2014-12-20T20:58:18.439Z", "name": "Utapau", "rotation_period": "27", "orbital_period": "351", "diameter": "12900", "climate": "temperate, arid, windy", "gravity": "1 standard", "terrain": "scrublands, savanna, canyons, sinkholes", "surface_water": "0.9", "population": "95000000"}}, {"model": "app.planet", "pk": 13, "fields": {"created": "2014-12-10T12:50:16.526Z", "modified": "2014-12-20T20:58:18.440Z", "name": "Mustafar", "rotation_period": "36", "orbital_period": "412", "diameter": "4200", "climate": "hot", "gravity": "1 standard", "terrain": "volcanoes, lava rivers, mountains, caves", "surface_water": "0", "population": "20000"}}, {"model": "app.planet", "pk": 14, "fields": {"created": "2014-12-10T13:32:00.124Z", "modified": "2014-12-20T20:58:18.442Z", "name": "Kashyyyk", "rotation_period": "26", "orbital_period": "381", "diameter": "12765", "climate": "tropical", "gravity": "1 standard", "terrain": "jungle, forests, lakes, rivers", "surface_water": "60", "population": "45000000"}}, {"model": "app.planet", "pk": 15, "fields": {"created": "2014-12-10T13:33:46.405Z", "modified": "2014-12-20T20:58:18.444Z", "name": "Polis Massa", "rotation_period": "24", "orbital_period": "590", "diameter": "0", "climate": "artificial temperate ", "gravity": "0.56 standard", "terrain": "airless asteroid", "surface_water": "0", "population": "1000000"}}, {"model": "app.planet", "pk": 16, "fields": {"created": "2014-12-10T13:43:39.139Z", "modified": "2014-12-20T20:58:18.446Z", "name": "Mygeeto", "rotation_period": "12", "orbital_period": "167", "diameter": "10088", "climate": "frigid", "gravity": "1 standard", "terrain": "glaciers, mountains, ice canyons", "surface_water": "unknown", "population": "19000000"}}, {"model": "app.planet", "pk": 17, "fields": {"created": "2014-12-10T13:44:50.397Z", "modified": "2014-12-20T20:58:18.447Z", "name": "Felucia", "rotation_period": "34", "orbital_period": "231", "diameter": "9100", "climate": "hot, humid", "gravity": "0.75 standard", "terrain": "fungus forests", "surface_water": "unknown", "population": "8500000"}}, {"model": "app.planet", "pk": 18, "fields": {"created": "2014-12-10T13:46:28.704Z", "modified": "2014-12-20T20:58:18.449Z", "name": "Cato Neimoidia", "rotation_period": "25", "orbital_period": "278", "diameter": "0", "climate": "temperate, moist", "gravity": "1 standard", "terrain": "mountains, fields, forests, rock arches", "surface_water": "unknown", "population": "10000000"}}, {"model": "app.planet", "pk": 19, "fields": {"created": "2014-12-10T13:47:46.874Z", "modified": "2014-12-20T20:58:18.450Z", "name": "Saleucami", "rotation_period": "26", "orbital_period": "392", "diameter": "14920", "climate": "hot", "gravity": "unknown", "terrain": "caves, desert, mountains, volcanoes", "surface_water": "unknown", "population": "1400000000"}}, {"model": "app.planet", "pk": 20, "fields": {"created": "2014-12-10T16:16:26.566Z", "modified": "2014-12-20T20:58:18.452Z", "name": "Stewjon", "rotation_period": "unknown", "orbital_period": "unknown", "diameter": "0", "climate": "temperate", "gravity": "1 standard", "terrain": "grass", "surface_water": "unknown", "population": "unknown"}}, {"model": "app.planet", "pk": 21, "fields": {"created": "2014-12-10T16:26:54.384Z", "modified": "2014-12-20T20:58:18.454Z", "name": "Eriadu", "rotation_period": "24", "orbital_period": "360", "diameter": "13490", "climate": "polluted", "gravity": "1 standard", "terrain": "cityscape", "surface_water": "unknown", "population": "22000000000"}}, {"model": "app.planet", "pk": 22, "fields": {"created": "2014-12-10T16:49:12.453Z", "modified": "2014-12-20T20:58:18.456Z", "name": "Corellia", "rotation_period": "25", "orbital_period": "329", "diameter": "11000", "climate": "temperate", "gravity": "1 standard", "terrain": "plains, urban, hills, forests", "surface_water": "70", "population": "3000000000"}}, {"model": "app.planet", "pk": 23, "fields": {"created": "2014-12-10T17:03:28.110Z", "modified": "2014-12-20T20:58:18.458Z", "name": "Rodia", "rotation_period": "29", "orbital_period": "305", "diameter": "7549", "climate": "hot", "gravity": "1 standard", "terrain": "jungles, oceans, urban, swamps", "surface_water": "60", "population": "1300000000"}}, {"model": "app.planet", "pk": 24, "fields": {"created": "2014-12-10T17:11:29.452Z", "modified": "2014-12-20T20:58:18.460Z", "name": "Nal Hutta", "rotation_period": "87", "orbital_period": "413", "diameter": "12150", "climate": "temperate", "gravity": "1 standard", "terrain": "urban, oceans, swamps, bogs", "surface_water": "unknown", "population": "7000000000"}}, {"model": "app.planet", "pk": 25, "fields": {"created": "2014-12-10T17:23:29.896Z", "modified": "2014-12-20T20:58:18.461Z", "name": "Dantooine", "rotation_period": "25", "orbital_period": "378", "diameter": "9830", "climate": "temperate", "gravity": "1 standard", "terrain": "oceans, savannas, mountains, grasslands", "surface_water": "unknown", "population": "1000"}}, {"model": "app.planet", "pk": 26, "fields": {"created": "2014-12-12T11:16:55.078Z", "modified": "2014-12-20T20:58:18.463Z", "name": "Bestine IV", "rotation_period": "26", "orbital_period": "680", "diameter": "6400", "climate": "temperate", "gravity": "unknown", "terrain": "rocky islands, oceans", "surface_water": "98", "population": "62000000"}}, {"model": "app.planet", "pk": 27, "fields": {"created": "2014-12-15T12:23:41.661Z", "modified": "2014-12-20T20:58:18.464Z", "name": "Ord Mantell", "rotation_period": "26", "orbital_period": "334", "diameter": "14050", "climate": "temperate", "gravity": "1 standard", "terrain": "plains, seas, mesas", "surface_water": "10", "population": "4000000000"}}, {"model": "app.planet", "pk": 28, "fields": {"created": "2014-12-15T12:25:59.569Z", "modified": "2014-12-20T20:58:18.466Z", "name": "unknown", "rotation_period": "0", "orbital_period": "0", "diameter": "0", "climate": "unknown", "gravity": "unknown", "terrain": "unknown", "surface_water": "unknown", "population": "unknown"}}, {"model": "app.planet", "pk": 29, "fields": {"created": "2014-12-15T12:53:47.695Z", "modified": "2014-12-20T20:58:18.468Z", "name": "Trandosha", "rotation_period": "25", "orbital_period": "371", "diameter": "0", "climate": "arid", "gravity": "0.62 standard", "terrain": "mountains, seas, grasslands, deserts", "surface_water": "unknown", "population": "42000000"}}, {"model": "app.planet", "pk": 30, "fields": {"created": "2014-12-15T12:56:31.121Z", "modified": "2014-12-20T20:58:18.469Z", "name": "Socorro", "rotation_period": "20", "orbital_period": "326", "diameter": "0", "climate": "arid", "gravity": "1 standard", "terrain": "deserts, mountains", "surface_water": "unknown", "population": "300000000"}}, {"model": "app.planet", "pk": 31, "fields": {"created": "2014-12-18T11:07:01.792Z", "modified": "2014-12-20T20:58:18.471Z", "name": "Mon Cala", "rotation_period": "21", "orbital_period": "398", "diameter": "11030", "climate": "temperate", "gravity": "1", "terrain": "oceans, reefs, islands", "surface_water": "100", "population": "27000000000"}}, {"model": "app.planet", "pk": 32, "fields": {"created": "2014-12-18T11:11:51.872Z", "modified": "2014-12-20T20:58:18.472Z", "name": "Chandrila", "rotation_period": "20", "orbital_period": "368", "diameter": "13500", "climate": "temperate", "gravity": "1", "terrain": "plains, forests", "surface_water": "40", "population": "1200000000"}}, {"model": "app.planet", "pk": 33, "fields": {"created": "2014-12-18T11:25:40.243Z", "modified": "2014-12-20T20:58:18.474Z", "name": "Sullust", "rotation_period": "20", "orbital_period": "263", "diameter": "12780", "climate": "superheated", "gravity": "1", "terrain": "mountains, volcanoes, rocky deserts", "surface_water": "5", "population": "18500000000"}}, {"model": "app.planet", "pk": 34, "fields": {"created": "2014-12-19T17:47:54.403Z", "modified": "2014-12-20T20:58:18.476Z", "name": "Toydaria", "rotation_period": "21", "orbital_period": "184", "diameter": "7900", "climate": "temperate", "gravity": "1", "terrain": "swamps, lakes", "surface_water": "unknown", "population": "11000000"}}, {"model": "app.planet", "pk": 35, "fields": {"created": "2014-12-19T17:52:13.106Z", "modified": "2014-12-20T20:58:18.478Z", "name": "Malastare", "rotation_period": "26", "orbital_period": "201", "diameter": "18880", "climate": "arid, temperate, tropical", "gravity": "1.56", "terrain": "swamps, deserts, jungles, mountains", "surface_water": "unknown", "population": "2000000000"}}, {"model": "app.planet", "pk": 36, "fields": {"created": "2014-12-19T18:00:40.142Z", "modified": "2014-12-20T20:58:18.480Z", "name": "Dathomir", "rotation_period": "24", "orbital_period": "491", "diameter": "10480", "climate": "temperate", "gravity": "0.9", "terrain": "forests, deserts, savannas", "surface_water": "unknown", "population": "5200"}}, {"model": "app.planet", "pk": 37, "fields": {"created": "2014-12-20T09:46:25.740Z", "modified": "2014-12-20T20:58:18.481Z", "name": "Ryloth", "rotation_period": "30", "orbital_period": "305", "diameter": "10600", "climate": "temperate, arid, subartic", "gravity": "1", "terrain": "mountains, valleys, deserts, tundra", "surface_water": "5", "population": "1500000000"}}, {"model": "app.planet", "pk": 38, "fields": {"created": "2014-12-20T09:52:23.452Z", "modified": "2014-12-20T20:58:18.483Z", "name": "Aleen Minor", "rotation_period": "unknown", "orbital_period": "unknown", "diameter": "unknown", "climate": "unknown", "gravity": "unknown", "terrain": "unknown", "surface_water": "unknown", "population": "unknown"}}, {"model": "app.planet", "pk": 39, "fields": {"created": "2014-12-20T09:56:58.874Z", "modified": "2014-12-20T20:58:18.485Z", "name": "Vulpter", "rotation_period": "22", "orbital_period": "391", "diameter": "14900", "climate": "temperate, artic", "gravity": "1", "terrain": "urban, barren", "surface_water": "unknown", "population": "421000000"}}, {"model": "app.planet", "pk": 40, "fields": {"created": "2014-12-20T10:01:37.395Z", "modified": "2014-12-20T20:58:18.487Z", "name": "Troiken", "rotation_period": "unknown", "orbital_period": "unknown", "diameter": "unknown", "climate": "unknown", "gravity": "unknown", "terrain": "desert, tundra, rainforests, mountains", "surface_water": "unknown", "population": "unknown"}}, {"model": "app.planet", "pk": 41, "fields": {"created": "2014-12-20T10:07:29.578Z", "modified": "2014-12-20T20:58:18.489Z", "name": "Tund", "rotation_period": "48", "orbital_period": "1770", "diameter": "12190", "climate": "unknown", "gravity": "unknown", "terrain": "barren, ash", "surface_water": "unknown", "population": "0"}}, {"model": "app.planet", "pk": 42, "fields": {"created": "2014-12-20T10:12:28.980Z", "modified": "2014-12-20T20:58:18.491Z", "name": "Haruun Kal", "rotation_period": "25", "orbital_period": "383", "diameter": "10120", "climate": "temperate", "gravity": "0.98", "terrain": "toxic cloudsea, plateaus, volcanoes", "surface_water": "unknown", "population": "705300"}}, {"model": "app.planet", "pk": 43, "fields": {"created": "2014-12-20T10:14:48.178Z", "modified": "2014-12-20T20:58:18.493Z", "name": "Cerea", "rotation_period": "27", "orbital_period": "386", "diameter": "unknown", "climate": "temperate", "gravity": "1", "terrain": "verdant", "surface_water": "20", "population": "450000000"}}, {"model": "app.planet", "pk": 44, "fields": {"created": "2014-12-20T10:18:26.110Z", "modified": "2014-12-20T20:58:18.495Z", "name": "Glee Anselm", "rotation_period": "33", "orbital_period": "206", "diameter": "15600", "climate": "tropical, temperate", "gravity": "1", "terrain": "lakes, islands, swamps, seas", "surface_water": "80", "population": "500000000"}}, {"model": "app.planet", "pk": 45, "fields": {"created": "2014-12-20T10:26:05.788Z", "modified": "2014-12-20T20:58:18.497Z", "name": "Iridonia", "rotation_period": "29", "orbital_period": "413", "diameter": "unknown", "climate": "unknown", "gravity": "unknown", "terrain": "rocky canyons, acid pools", "surface_water": "unknown", "population": "unknown"}}, {"model": "app.planet", "pk": 46, "fields": {"created": "2014-12-20T10:28:31.117Z", "modified": "2014-12-20T20:58:18.498Z", "name": "Tholoth", "rotation_period": "unknown", "orbital_period": "unknown", "diameter": "unknown", "climate": "unknown", "gravity": "unknown", "terrain": "unknown", "surface_water": "unknown", "population": "unknown"}}, {"model": "app.planet", "pk": 47, "fields": {"created": "2014-12-20T10:31:32.413Z", "modified": "2014-12-20T20:58:18.500Z", "name": "Iktotch", "rotation_period": "22", "orbital_period": "481", "diameter": "unknown", "climate": "arid, rocky, windy", "gravity": "1", "terrain": "rocky", "surface_water": "unknown", "population": "unknown"}}, {"model": "app.planet", "pk": 48, "fields": {"created": "2014-12-20T10:34:08.249Z", "modified": "2014-12-20T20:58:18.502Z", "name": "Quermia", "rotation_period": "unknown", "orbital_period": "unknown", "diameter": "unknown", "climate": "unknown", "gravity": "unknown", "terrain": "unknown", "surface_water": "unknown", "population": "unknown"}}, {"model": "app.planet", "pk": 49, "fields": {"created": "2014-12-20T10:48:36.141Z", "modified": "2014-12-20T20:58:18.504Z", "name": "Dorin", "rotation_period": "22", "orbital_period": "409", "diameter": "13400", "climate": "temperate", "gravity": "1", "terrain": "unknown", "surface_water": "unknown", "population": "unknown"}}, {"model": "app.planet", "pk": 50, "fields": {"created": "2014-12-20T10:52:51.524Z", "modified": "2014-12-20T20:58:18.506Z", "name": "Champala", "rotation_period": "27", "orbital_period": "318", "diameter": "unknown", "climate": "temperate", "gravity": "1", "terrain": "oceans, rainforests, plateaus", "surface_water": "unknown", "population": "3500000000"}}, {"model": "app.planet", "pk": 51, "fields": {"created": "2014-12-20T16:44:46.318Z", "modified": "2014-12-20T20:58:18.508Z", "name": "Mirial", "rotation_period": "unknown", "orbital_period": "unknown", "diameter": "unknown", "climate": "unknown", "gravity": "unknown", "terrain": "deserts", "surface_water": "unknown", "population": "unknown"}}, {"model": "app.planet", "pk": 52, "fields": {"created": "2014-12-20T16:52:13.357Z", "modified": "2014-12-20T20:58:18.510Z", "name": "Serenno", "rotation_period": "unknown", "orbital_period": "unknown", "diameter": "unknown", "climate": "unknown", "gravity": "unknown", "terrain": "rainforests, rivers, mountains", "surface_water": "unknown", "population": "unknown"}}, {"model": "app.planet", "pk": 53, "fields": {"created": "2014-12-20T16:54:39.909Z", "modified": "2014-12-20T20:58:18.512Z", "name": "Concord Dawn", "rotation_period": "unknown", "orbital_period": "unknown", "diameter": "unknown", "climate": "unknown", "gravity": "unknown", "terrain": "jungles, forests, deserts", "surface_water": "unknown", "population": "unknown"}}, {"model": "app.planet", "pk": 54, "fields": {"created": "2014-12-20T16:56:37.250Z", "modified": "2014-12-20T20:58:18.514Z", "name": "Zolan", "rotation_period": "unknown", "orbital_period": "unknown", "diameter": "unknown", "climate": "unknown", "gravity": "unknown", "terrain": "unknown", "surface_water": "unknown", "population": "unknown"}}, {"model": "app.planet", "pk": 55, "fields": {"created": "2014-12-20T17:27:41.286Z", "modified": "2014-12-20T20:58:18.516Z", "name": "Ojom", "rotation_period": "unknown", "orbital_period": "unknown", "diameter": "unknown", "climate": "frigid", "gravity": "unknown", "terrain": "oceans, glaciers", "surface_water": "100", "population": "500000000"}}, {"model": "app.planet", "pk": 56, "fields": {"created": "2014-12-20T17:50:47.864Z", "modified": "2014-12-20T20:58:18.517Z", "name": "Skako", "rotation_period": "27", "orbital_period": "384", "diameter": "unknown", "climate": "temperate", "gravity": "1", "terrain": "urban, vines", "surface_water": "unknown", "population": "500000000000"}}, {"model": "app.planet", "pk": 57, "fields": {"created": "2014-12-20T17:57:47.420Z", "modified": "2014-12-20T20:58:18.519Z", "name": "Muunilinst", "rotation_period": "28", "orbital_period": "412", "diameter": "13800", "climate": "temperate", "gravity": "1", "terrain": "plains, forests, hills, mountains", "surface_water": "25", "population": "5000000000"}}, {"model": "app.planet", "pk": 58, "fields": {"created": "2014-12-20T18:43:14.049Z", "modified": "2014-12-20T20:58:18.521Z", "name": "Shili", "rotation_period": "unknown", "orbital_period": "unknown", "diameter": "unknown", "climate": "temperate", "gravity": "1", "terrain": "cities, savannahs, seas, plains", "surface_water": "unknown", "population": "unknown"}}, {"model": "app.planet", "pk": 59, "fields": {"created": "2014-12-20T19:43:51.278Z", "modified": "2014-12-20T20:58:18.523Z", "name": "Kalee", "rotation_period": "23", "orbital_period": "378", "diameter": "13850", "climate": "arid, temperate, tropical", "gravity": "1", "terrain": "rainforests, cliffs, canyons, seas", "surface_water": "unknown", "population": "4000000000"}}, {"model": "app.planet", "pk": 60, "fields": {"created": "2014-12-20T20:18:36.256Z", "modified": "2014-12-20T20:58:18.525Z", "name": "Umbara", "rotation_period": "unknown", "orbital_period": "unknown", "diameter": "unknown", "climate": "unknown", "gravity": "unknown", "terrain": "unknown", "surface_water": "unknown", "population": "unknown"}}, {"model": "app.planet", "pk": 62, "fields": {"created": "2020-06-14T17:16:22.752Z", "modified": "2020-06-14T17:16:22.752Z", "name": "Exodeen", "rotation_period": "", "orbital_period": "", "diameter": "", "climate": "", "gravity": "", "terrain": "", "surface_water": "", "population": ""}}, {"model": "app.people", "pk": 1, "fields": {"created": "2014-12-09T13:50:51.644Z", "modified": "2014-12-20T21:17:56.891Z", "name": "Luke Skywalker", "height": "172", "mass": "77", "hair_color": "blond", "skin_color": "fair", "eye_color": "blue", "birth_year": "19BBY", "gender": "male", "home_world": 1}}, {"model": "app.people", "pk": 2, "fields": {"created": "2014-12-10T15:10:51.357Z", "modified": "2014-12-20T21:17:50.309Z", "name": "C-3PO", "height": "167", "mass": "75", "hair_color": "n/a", "skin_color": "gold", "eye_color": "yellow", "birth_year": "112BBY", "gender": "n/a", "home_world": 1}}, {"model": "app.people", "pk": 3, "fields": {"created": "2014-12-10T15:11:50.376Z", "modified": "2014-12-20T21:17:50.311Z", "name": "R2-D2", "height": "96", "mass": "32", "hair_color": "n/a", "skin_color": "white, blue", "eye_color": "red", "birth_year": "33BBY", "gender": "n/a", "home_world": 8}}, {"model": "app.people", "pk": 4, "fields": {"created": "2014-12-10T15:18:20.704Z", "modified": "2014-12-20T21:17:50.313Z", "name": "Darth Vader", "height": "202", "mass": "136", "hair_color": "none", "skin_color": "white", "eye_color": "yellow", "birth_year": "41.9BBY", "gender": "male", "home_world": 1}}, {"model": "app.people", "pk": 5, "fields": {"created": "2014-12-10T15:20:09.791Z", "modified": "2014-12-20T21:17:50.315Z", "name": "Leia Organa", "height": "150", "mass": "49", "hair_color": "brown", "skin_color": "light", "eye_color": "brown", "birth_year": "19BBY", "gender": "female", "home_world": 2}}, {"model": "app.people", "pk": 6, "fields": {"created": "2014-12-10T15:52:14.024Z", "modified": "2014-12-20T21:17:50.317Z", "name": "Owen Lars", "height": "178", "mass": "120", "hair_color": "brown, grey", "skin_color": "light", "eye_color": "blue", "birth_year": "52BBY", "gender": "male", "home_world": 1}}, {"model": "app.people", "pk": 7, "fields": {"created": "2014-12-10T15:53:41.121Z", "modified": "2014-12-20T21:17:50.319Z", "name": "Beru Whitesun lars", "height": "165", "mass": "75", "hair_color": "brown", "skin_color": "light", "eye_color": "blue", "birth_year": "47BBY", "gender": "female", "home_world": 1}}, {"model": "app.people", "pk": 8, "fields": {"created": "2014-12-10T15:57:50.959Z", "modified": "2014-12-20T21:17:50.321Z", "name": "R5-D4", "height": "97", "mass": "32", "hair_color": "n/a", "skin_color": "white, red", "eye_color": "red", "birth_year": "unknown", "gender": "n/a", "home_world": 1}}, {"model": "app.people", "pk": 9, "fields": {"created": "2014-12-10T15:59:50.509Z", "modified": "2014-12-20T21:17:50.323Z", "name": "Biggs Darklighter", "height": "183", "mass": "84", "hair_color": "black", "skin_color": "light", "eye_color": "brown", "birth_year": "24BBY", "gender": "male", "home_world": 1}}, {"model": "app.people", "pk": 10, "fields": {"created": "2014-12-10T16:16:29.192Z", "modified": "2014-12-20T21:17:50.325Z", "name": "Obi-Wan Kenobi", "height": "182", "mass": "77", "hair_color": "auburn, white", "skin_color": "fair", "eye_color": "blue-gray", "birth_year": "57BBY", "gender": "male", "home_world": 20}}, {"model": "app.people", "pk": 11, "fields": {"created": "2014-12-10T16:20:44.310Z", "modified": "2014-12-20T21:17:50.327Z", "name": "Anakin Skywalker", "height": "188", "mass": "84", "hair_color": "blond", "skin_color": "fair", "eye_color": "blue", "birth_year": "41.9BBY", "gender": "male", "home_world": 1}}, {"model": "app.people", "pk": 12, "fields": {"created": "2014-12-10T16:26:56.138Z", "modified": "2014-12-20T21:17:50.330Z", "name": "Wilhuff Tarkin", "height": "180", "mass": "unknown", "hair_color": "auburn, grey", "skin_color": "fair", "eye_color": "blue", "birth_year": "64BBY", "gender": "male", "home_world": 21}}, {"model": "app.people", "pk": 13, "fields": {"created": "2014-12-10T16:42:45.066Z", "modified": "2014-12-20T21:17:50.332Z", "name": "Chewbacca", "height": "228", "mass": "112", "hair_color": "brown", "skin_color": "unknown", "eye_color": "blue", "birth_year": "200BBY", "gender": "male", "home_world": 14}}, {"model": "app.people", "pk": 14, "fields": {"created": "2014-12-10T16:49:14.582Z", "modified": "2014-12-20T21:17:50.334Z", "name": "Han Solo", "height": "180", "mass": "80", "hair_color": "brown", "skin_color": "fair", "eye_color": "brown", "birth_year": "29BBY", "gender": "male", "home_world": 22}}, {"model": "app.people", "pk": 15, "fields": {"created": "2014-12-10T17:03:30.334Z", "modified": "2014-12-20T21:17:50.336Z", "name": "Greedo", "height": "173", "mass": "74", "hair_color": "n/a", "skin_color": "green", "eye_color": "black", "birth_year": "44BBY", "gender": "male", "home_world": 23}}, {"model": "app.people", "pk": 16, "fields": {"created": "2014-12-10T17:11:31.638Z", "modified": "2014-12-20T21:17:50.338Z", "name": "Jabba Desilijic Tiure", "height": "175", "mass": "1,358", "hair_color": "n/a", "skin_color": "green-tan, brown", "eye_color": "orange", "birth_year": "600BBY", "gender": "hermaphrodite", "home_world": 24}}, {"model": "app.people", "pk": 18, "fields": {"created": "2014-12-12T11:08:06.469Z", "modified": "2014-12-20T21:17:50.341Z", "name": "Wedge Antilles", "height": "170", "mass": "77", "hair_color": "brown", "skin_color": "fair", "eye_color": "hazel", "birth_year": "21BBY", "gender": "male", "home_world": 22}}, {"model": "app.people", "pk": 19, "fields": {"created": "2014-12-12T11:16:56.569Z", "modified": "2014-12-20T21:17:50.343Z", "name": "Jek Tono Porkins", "height": "180", "mass": "110", "hair_color": "brown", "skin_color": "fair", "eye_color": "blue", "birth_year": "unknown", "gender": "male", "home_world": 26}}, {"model": "app.people", "pk": 20, "fields": {"created": "2014-12-15T12:26:01.042Z", "modified": "2014-12-20T21:17:50.345Z", "name": "Yoda", "height": "66", "mass": "17", "hair_color": "white", "skin_color": "green", "eye_color": "brown", "birth_year": "896BBY", "gender": "male", "home_world": 28}}, {"model": "app.people", "pk": 21, "fields": {"created": "2014-12-15T12:48:05.971Z", "modified": "2014-12-20T21:17:50.347Z", "name": "Palpatine", "height": "170", "mass": "75", "hair_color": "grey", "skin_color": "pale", "eye_color": "yellow", "birth_year": "82BBY", "gender": "male", "home_world": 8}}, {"model": "app.people", "pk": 22, "fields": {"created": "2014-12-15T12:49:32.457Z", "modified": "2014-12-20T21:17:50.349Z", "name": "Boba Fett", "height": "183", "mass": "78.2", "hair_color": "black", "skin_color": "fair", "eye_color": "brown", "birth_year": "31.5BBY", "gender": "male", "home_world": 10}}, {"model": "app.people", "pk": 23, "fields": {"created": "2014-12-15T12:51:10.076Z", "modified": "2021-07-01T19:43:40.366Z", "name": "IG-88", "height": "200", "mass": "140", "hair_color": "none", "skin_color": "metal", "eye_color": "red", "birth_year": "15BBY", "gender": "n/a", "home_world": 28}}, {"model": "app.people", "pk": 24, "fields": {"created": "2014-12-15T12:53:49.297Z", "modified": "2014-12-20T21:17:50.355Z", "name": "Bossk", "height": "190", "mass": "113", "hair_color": "none", "skin_color": "green", "eye_color": "red", "birth_year": "53BBY", "gender": "male", "home_world": 29}}, {"model": "app.people", "pk": 25, "fields": {"created": "2014-12-15T12:56:32.683Z", "modified": "2014-12-20T21:17:50.357Z", "name": "Lando Calrissian", "height": "177", "mass": "79", "hair_color": "black", "skin_color": "dark", "eye_color": "brown", "birth_year": "31BBY", "gender": "male", "home_world": 30}}, {"model": "app.people", "pk": 26, "fields": {"created": "2014-12-15T13:01:57.178Z", "modified": "2014-12-20T21:17:50.359Z", "name": "Lobot", "height": "175", "mass": "79", "hair_color": "none", "skin_color": "light", "eye_color": "blue", "birth_year": "37BBY", "gender": "male", "home_world": 6}}, {"model": "app.people", "pk": 27, "fields": {"created": "2014-12-18T11:07:50.584Z", "modified": "2014-12-20T21:17:50.362Z", "name": "Ackbar", "height": "180", "mass": "83", "hair_color": "none", "skin_color": "brown mottle", "eye_color": "orange", "birth_year": "41BBY", "gender": "male", "home_world": 31}}, {"model": "app.people", "pk": 28, "fields": {"created": "2014-12-18T11:12:38.895Z", "modified": "2014-12-20T21:17:50.364Z", "name": "Mon Mothma", "height": "150", "mass": "unknown", "hair_color": "auburn", "skin_color": "fair", "eye_color": "blue", "birth_year": "48BBY", "gender": "female", "home_world": 32}}, {"model": "app.people", "pk": 29, "fields": {"created": "2014-12-18T11:16:33.020Z", "modified": "2014-12-20T21:17:50.367Z", "name": "Arvel Crynyd", "height": "unknown", "mass": "unknown", "hair_color": "brown", "skin_color": "fair", "eye_color": "brown", "birth_year": "unknown", "gender": "male", "home_world": 28}}, {"model": "app.people", "pk": 30, "fields": {"created": "2014-12-18T11:21:58.954Z", "modified": "2014-12-20T21:17:50.369Z", "name": "Wicket Systri Warrick", "height": "88", "mass": "20", "hair_color": "brown", "skin_color": "brown", "eye_color": "brown", "birth_year": "8BBY", "gender": "male", "home_world": 7}}, {"model": "app.people", "pk": 31, "fields": {"created": "2014-12-18T11:26:18.541Z", "modified": "2014-12-20T21:17:50.371Z", "name": "Nien Nunb", "height": "160", "mass": "68", "hair_color": "none", "skin_color": "grey", "eye_color": "black", "birth_year": "unknown", "gender": "male", "home_world": 33}}, {"model": "app.people", "pk": 32, "fields": {"created": "2014-12-19T16:54:53.618Z", "modified": "2014-12-20T21:17:50.375Z", "name": "Qui-Gon Jinn", "height": "193", "mass": "89", "hair_color": "brown", "skin_color": "fair", "eye_color": "blue", "birth_year": "92BBY", "gender": "male", "home_world": 28}}, {"model": "app.people", "pk": 33, "fields": {"created": "2014-12-19T17:05:57.357Z", "modified": "2014-12-20T21:17:50.377Z", "name": "Nute Gunray", "height": "191", "mass": "90", "hair_color": "none", "skin_color": "mottled green", "eye_color": "red", "birth_year": "unknown", "gender": "male", "home_world": 18}}, {"model": "app.people", "pk": 34, "fields": {"created": "2014-12-19T17:21:45.915Z", "modified": "2014-12-20T21:17:50.379Z", "name": "Finis Valorum", "height": "170", "mass": "unknown", "hair_color": "blond", "skin_color": "fair", "eye_color": "blue", "birth_year": "91BBY", "gender": "male", "home_world": 9}}, {"model": "app.people", "pk": 35, "fields": {"created": "2014-12-19T17:28:26.926Z", "modified": "2014-12-20T21:17:50.381Z", "name": "Padm\u00e9 Amidala", "height": "185", "mass": "45", "hair_color": "brown", "skin_color": "light", "eye_color": "brown", "birth_year": "46BBY", "gender": "female", "home_world": 8}}, {"model": "app.people", "pk": 36, "fields": {"created": "2014-12-19T17:29:32.489Z", "modified": "2014-12-20T21:17:50.383Z", "name": "Jar Jar Binks", "height": "196", "mass": "66", "hair_color": "none", "skin_color": "orange", "eye_color": "orange", "birth_year": "52BBY", "gender": "male", "home_world": 8}}, {"model": "app.people", "pk": 37, "fields": {"created": "2014-12-19T17:32:56.741Z", "modified": "2014-12-20T21:17:50.385Z", "name": "Roos Tarpals", "height": "224", "mass": "82", "hair_color": "none", "skin_color": "grey", "eye_color": "orange", "birth_year": "unknown", "gender": "male", "home_world": 8}}, {"model": "app.people", "pk": 38, "fields": {"created": "2014-12-19T17:33:38.909Z", "modified": "2014-12-20T21:17:50.388Z", "name": "Rugor Nass", "height": "206", "mass": "unknown", "hair_color": "none", "skin_color": "green", "eye_color": "orange", "birth_year": "unknown", "gender": "male", "home_world": 8}}, {"model": "app.people", "pk": 39, "fields": {"created": "2014-12-19T17:45:01.522Z", "modified": "2014-12-20T21:17:50.392Z", "name": "Ric Oli\u00e9", "height": "183", "mass": "unknown", "hair_color": "brown", "skin_color": "fair", "eye_color": "blue", "birth_year": "unknown", "gender": "male", "home_world": 8}}, {"model": "app.people", "pk": 40, "fields": {"created": "2014-12-19T17:48:54.647Z", "modified": "2014-12-20T21:17:50.395Z", "name": "Watto", "height": "137", "mass": "unknown", "hair_color": "black", "skin_color": "blue, grey", "eye_color": "yellow", "birth_year": "unknown", "gender": "male", "home_world": 34}}, {"model": "app.people", "pk": 41, "fields": {"created": "2014-12-19T17:53:02.586Z", "modified": "2014-12-20T21:17:50.397Z", "name": "Sebulba", "height": "112", "mass": "40", "hair_color": "none", "skin_color": "grey, red", "eye_color": "orange", "birth_year": "unknown", "gender": "male", "home_world": 35}}, {"model": "app.people", "pk": 42, "fields": {"created": "2014-12-19T17:55:43.348Z", "modified": "2014-12-20T21:17:50.399Z", "name": "Quarsh Panaka", "height": "183", "mass": "unknown", "hair_color": "black", "skin_color": "dark", "eye_color": "brown", "birth_year": "62BBY", "gender": "male", "home_world": 8}}, {"model": "app.people", "pk": 43, "fields": {"created": "2014-12-19T17:57:41.191Z", "modified": "2014-12-20T21:17:50.401Z", "name": "Shmi Skywalker", "height": "163", "mass": "unknown", "hair_color": "black", "skin_color": "fair", "eye_color": "brown", "birth_year": "72BBY", "gender": "female", "home_world": 1}}, {"model": "app.people", "pk": 44, "fields": {"created": "2014-12-19T18:00:41.929Z", "modified": "2014-12-20T21:17:50.403Z", "name": "Darth Maul", "height": "175", "mass": "80", "hair_color": "none", "skin_color": "red", "eye_color": "yellow", "birth_year": "54BBY", "gender": "male", "home_world": 36}}, {"model": "app.people", "pk": 45, "fields": {"created": "2014-12-20T09:47:02.512Z", "modified": "2014-12-20T21:17:50.407Z", "name": "Bib Fortuna", "height": "180", "mass": "unknown", "hair_color": "none", "skin_color": "pale", "eye_color": "pink", "birth_year": "unknown", "gender": "male", "home_world": 37}}, {"model": "app.people", "pk": 46, "fields": {"created": "2014-12-20T09:48:01.172Z", "modified": "2014-12-20T21:17:50.409Z", "name": "Ayla Secura", "height": "178", "mass": "55", "hair_color": "none", "skin_color": "blue", "eye_color": "hazel", "birth_year": "48BBY", "gender": "female", "home_world": 37}}, {"model": "app.people", "pk": 47, "fields": {"created": "2014-12-20T09:53:15.086Z", "modified": "2014-12-20T21:17:50.410Z", "name": "Ratts Tyerel", "height": "79", "mass": "15", "hair_color": "none", "skin_color": "grey, blue", "eye_color": "unknown", "birth_year": "unknown", "gender": "male", "home_world": 38}}, {"model": "app.people", "pk": 48, "fields": {"created": "2014-12-20T09:57:31.858Z", "modified": "2014-12-20T21:17:50.414Z", "name": "Dud Bolt", "height": "94", "mass": "45", "hair_color": "none", "skin_color": "blue, grey", "eye_color": "yellow", "birth_year": "unknown", "gender": "male", "home_world": 39}}, {"model": "app.people", "pk": 49, "fields": {"created": "2014-12-20T10:02:12.223Z", "modified": "2014-12-20T21:17:50.416Z", "name": "Gasgano", "height": "122", "mass": "unknown", "hair_color": "none", "skin_color": "white, blue", "eye_color": "black", "birth_year": "unknown", "gender": "male", "home_world": 40}}, {"model": "app.people", "pk": 50, "fields": {"created": "2014-12-20T10:08:33.777Z", "modified": "2014-12-20T21:17:50.417Z", "name": "Ben Quadinaros", "height": "163", "mass": "65", "hair_color": "none", "skin_color": "grey, green, yellow", "eye_color": "orange", "birth_year": "unknown", "gender": "male", "home_world": 41}}, {"model": "app.people", "pk": 51, "fields": {"created": "2014-12-20T10:12:30.846Z", "modified": "2014-12-20T21:17:50.420Z", "name": "Mace Windu", "height": "188", "mass": "84", "hair_color": "none", "skin_color": "dark", "eye_color": "brown", "birth_year": "72BBY", "gender": "male", "home_world": 42}}, {"model": "app.people", "pk": 52, "fields": {"created": "2014-12-20T10:15:32.293Z", "modified": "2014-12-20T21:17:50.422Z", "name": "Ki-Adi-Mundi", "height": "198", "mass": "82", "hair_color": "white", "skin_color": "pale", "eye_color": "yellow", "birth_year": "92BBY", "gender": "male", "home_world": 43}}, {"model": "app.people", "pk": 53, "fields": {"created": "2014-12-20T10:18:57.202Z", "modified": "2014-12-20T21:17:50.424Z", "name": "Kit Fisto", "height": "196", "mass": "87", "hair_color": "none", "skin_color": "green", "eye_color": "black", "birth_year": "unknown", "gender": "male", "home_world": 44}}, {"model": "app.people", "pk": 54, "fields": {"created": "2014-12-20T10:26:47.902Z", "modified": "2014-12-20T21:17:50.427Z", "name": "Eeth Koth", "height": "171", "mass": "unknown", "hair_color": "black", "skin_color": "brown", "eye_color": "brown", "birth_year": "unknown", "gender": "male", "home_world": 45}}, {"model": "app.people", "pk": 55, "fields": {"created": "2014-12-20T10:29:11.661Z", "modified": "2014-12-20T21:17:50.432Z", "name": "Adi Gallia", "height": "184", "mass": "50", "hair_color": "none", "skin_color": "dark", "eye_color": "blue", "birth_year": "unknown", "gender": "female", "home_world": 9}}, {"model": "app.people", "pk": 56, "fields": {"created": "2014-12-20T10:32:11.669Z", "modified": "2014-12-20T21:17:50.434Z", "name": "Saesee Tiin", "height": "188", "mass": "unknown", "hair_color": "none", "skin_color": "pale", "eye_color": "orange", "birth_year": "unknown", "gender": "male", "home_world": 47}}, {"model": "app.people", "pk": 57, "fields": {"created": "2014-12-20T10:34:48.725Z", "modified": "2014-12-20T21:17:50.437Z", "name": "Yarael Poof", "height": "264", "mass": "unknown", "hair_color": "none", "skin_color": "white", "eye_color": "yellow", "birth_year": "unknown", "gender": "male", "home_world": 48}}, {"model": "app.people", "pk": 58, "fields": {"created": "2014-12-20T10:49:19.859Z", "modified": "2014-12-20T21:17:50.439Z", "name": "Plo Koon", "height": "188", "mass": "80", "hair_color": "none", "skin_color": "orange", "eye_color": "black", "birth_year": "22BBY", "gender": "male", "home_world": 49}}, {"model": "app.people", "pk": 59, "fields": {"created": "2014-12-20T10:53:26.457Z", "modified": "2014-12-20T21:17:50.442Z", "name": "Mas Amedda", "height": "196", "mass": "unknown", "hair_color": "none", "skin_color": "blue", "eye_color": "blue", "birth_year": "unknown", "gender": "male", "home_world": 50}}, {"model": "app.people", "pk": 60, "fields": {"created": "2014-12-20T11:10:10.381Z", "modified": "2014-12-20T21:17:50.445Z", "name": "Gregar Typho", "height": "185", "mass": "85", "hair_color": "black", "skin_color": "dark", "eye_color": "brown", "birth_year": "unknown", "gender": "male", "home_world": 8}}, {"model": "app.people", "pk": 61, "fields": {"created": "2014-12-20T11:11:39.630Z", "modified": "2014-12-20T21:17:50.449Z", "name": "Cord\u00e9", "height": "157", "mass": "unknown", "hair_color": "brown", "skin_color": "light", "eye_color": "brown", "birth_year": "unknown", "gender": "female", "home_world": 8}}, {"model": "app.people", "pk": 62, "fields": {"created": "2014-12-20T15:59:03.958Z", "modified": "2014-12-20T21:17:50.451Z", "name": "Cliegg Lars", "height": "183", "mass": "unknown", "hair_color": "brown", "skin_color": "fair", "eye_color": "blue", "birth_year": "82BBY", "gender": "male", "home_world": 1}}, {"model": "app.people", "pk": 63, "fields": {"created": "2014-12-20T16:40:43.977Z", "modified": "2014-12-20T21:17:50.453Z", "name": "Poggle the Lesser", "height": "183", "mass": "80", "hair_color": "none", "skin_color": "green", "eye_color": "yellow", "birth_year": "unknown", "gender": "male", "home_world": 11}}, {"model": "app.people", "pk": 64, "fields": {"created": "2014-12-20T16:45:53.668Z", "modified": "2014-12-20T21:17:50.455Z", "name": "Luminara Unduli", "height": "170", "mass": "56.2", "hair_color": "black", "skin_color": "yellow", "eye_color": "blue", "birth_year": "58BBY", "gender": "female", "home_world": 51}}, {"model": "app.people", "pk": 65, "fields": {"created": "2014-12-20T16:46:40.440Z", "modified": "2014-12-20T21:17:50.457Z", "name": "Barriss Offee", "height": "166", "mass": "50", "hair_color": "black", "skin_color": "yellow", "eye_color": "blue", "birth_year": "40BBY", "gender": "female", "home_world": 51}}, {"model": "app.people", "pk": 66, "fields": {"created": "2014-12-20T16:49:14.640Z", "modified": "2014-12-20T21:17:50.460Z", "name": "Dorm\u00e9", "height": "165", "mass": "unknown", "hair_color": "brown", "skin_color": "light", "eye_color": "brown", "birth_year": "unknown", "gender": "female", "home_world": 8}}, {"model": "app.people", "pk": 67, "fields": {"created": "2014-12-20T16:52:14.726Z", "modified": "2014-12-20T21:17:50.462Z", "name": "Dooku", "height": "193", "mass": "80", "hair_color": "white", "skin_color": "fair", "eye_color": "brown", "birth_year": "102BBY", "gender": "male", "home_world": 52}}, {"model": "app.people", "pk": 68, "fields": {"created": "2014-12-20T16:53:08.575Z", "modified": "2014-12-20T21:17:50.463Z", "name": "Bail Prestor Organa", "height": "191", "mass": "unknown", "hair_color": "black", "skin_color": "tan", "eye_color": "brown", "birth_year": "67BBY", "gender": "male", "home_world": 2}}, {"model": "app.people", "pk": 69, "fields": {"created": "2014-12-20T16:54:41.620Z", "modified": "2014-12-20T21:17:50.465Z", "name": "Jango Fett", "height": "183", "mass": "79", "hair_color": "black", "skin_color": "tan", "eye_color": "brown", "birth_year": "66BBY", "gender": "male", "home_world": 53}}, {"model": "app.people", "pk": 70, "fields": {"created": "2014-12-20T16:57:44.471Z", "modified": "2014-12-20T21:17:50.468Z", "name": "Zam Wesell", "height": "168", "mass": "55", "hair_color": "blonde", "skin_color": "fair, green, yellow", "eye_color": "yellow", "birth_year": "unknown", "gender": "female", "home_world": 54}}, {"model": "app.people", "pk": 71, "fields": {"created": "2014-12-20T17:28:27.248Z", "modified": "2014-12-20T21:17:50.470Z", "name": "Dexter Jettster", "height": "198", "mass": "102", "hair_color": "none", "skin_color": "brown", "eye_color": "yellow", "birth_year": "unknown", "gender": "male", "home_world": 55}}, {"model": "app.people", "pk": 72, "fields": {"created": "2014-12-20T17:30:50.416Z", "modified": "2014-12-20T21:17:50.473Z", "name": "Lama Su", "height": "229", "mass": "88", "hair_color": "none", "skin_color": "grey", "eye_color": "black", "birth_year": "unknown", "gender": "male", "home_world": 10}}, {"model": "app.people", "pk": 73, "fields": {"created": "2014-12-20T17:31:21.195Z", "modified": "2014-12-20T21:17:50.474Z", "name": "Taun We", "height": "213", "mass": "unknown", "hair_color": "none", "skin_color": "grey", "eye_color": "black", "birth_year": "unknown", "gender": "female", "home_world": 10}}, {"model": "app.people", "pk": 74, "fields": {"created": "2014-12-20T17:32:51.996Z", "modified": "2014-12-20T21:17:50.476Z", "name": "Jocasta Nu", "height": "167", "mass": "unknown", "hair_color": "white", "skin_color": "fair", "eye_color": "blue", "birth_year": "unknown", "gender": "female", "home_world": 9}}, {"model": "app.people", "pk": 75, "fields": {"created": "2014-12-20T17:43:36.409Z", "modified": "2014-12-20T21:17:50.478Z", "name": "R4-P17", "height": "96", "mass": "unknown", "hair_color": "none", "skin_color": "silver, red", "eye_color": "red, blue", "birth_year": "unknown", "gender": "female", "home_world": 28}}, {"model": "app.people", "pk": 76, "fields": {"created": "2014-12-20T17:53:52.607Z", "modified": "2014-12-20T21:17:50.481Z", "name": "Wat Tambor", "height": "193", "mass": "48", "hair_color": "none", "skin_color": "green, grey", "eye_color": "unknown", "birth_year": "unknown", "gender": "male", "home_world": 56}}, {"model": "app.people", "pk": 77, "fields": {"created": "2014-12-20T17:58:17.049Z", "modified": "2014-12-20T21:17:50.484Z", "name": "San Hill", "height": "191", "mass": "unknown", "hair_color": "none", "skin_color": "grey", "eye_color": "gold", "birth_year": "unknown", "gender": "male", "home_world": 57}}, {"model": "app.people", "pk": 78, "fields": {"created": "2014-12-20T18:44:01.103Z", "modified": "2014-12-20T21:17:50.486Z", "name": "Shaak Ti", "height": "178", "mass": "57", "hair_color": "none", "skin_color": "red, blue, white", "eye_color": "black", "birth_year": "unknown", "gender": "female", "home_world": 58}}, {"model": "app.people", "pk": 79, "fields": {"created": "2014-12-20T19:43:53.348Z", "modified": "2014-12-20T21:17:50.488Z", "name": "Grievous", "height": "216", "mass": "159", "hair_color": "none", "skin_color": "brown, white", "eye_color": "green, yellow", "birth_year": "unknown", "gender": "male", "home_world": 59}}, {"model": "app.people", "pk": 80, "fields": {"created": "2014-12-20T19:46:34.209Z", "modified": "2014-12-20T21:17:50.491Z", "name": "Tarfful", "height": "234", "mass": "136", "hair_color": "brown", "skin_color": "brown", "eye_color": "blue", "birth_year": "unknown", "gender": "male", "home_world": 14}}, {"model": "app.people", "pk": 81, "fields": {"created": "2014-12-20T19:49:35.583Z", "modified": "2014-12-20T21:17:50.493Z", "name": "Raymus Antilles", "height": "188", "mass": "79", "hair_color": "brown", "skin_color": "light", "eye_color": "brown", "birth_year": "unknown", "gender": "male", "home_world": 2}}, {"model": "app.people", "pk": 82, "fields": {"created": "2014-12-20T20:18:37.619Z", "modified": "2014-12-20T21:17:50.496Z", "name": "Sly Moore", "height": "178", "mass": "48", "hair_color": "none", "skin_color": "pale", "eye_color": "white", "birth_year": "unknown", "gender": "female", "home_world": 60}}, {"model": "app.people", "pk": 83, "fields": {"created": "2014-12-20T20:35:04.260Z", "modified": "2014-12-20T21:17:50.498Z", "name": "Tion Medon", "height": "206", "mass": "80", "hair_color": "none", "skin_color": "grey", "eye_color": "black", "birth_year": "unknown", "gender": "male", "home_world": 12}}, {"model": "app.people", "pk": 87, "fields": {"created": "2020-06-14T17:50:14.184Z", "modified": "2020-06-14T17:50:14.184Z", "name": "Kylo Ren", "height": "189", "mass": "89", "hair_color": "black", "skin_color": "light", "eye_color": "brown", "birth_year": "5ABY", "gender": "male", "home_world": 32}}, {"model": "app.people", "pk": 88, "fields": {"created": "2020-06-14T17:51:07.892Z", "modified": "2020-06-14T17:53:16.445Z", "name": "Kylo Ren", "height": "189", "mass": "89", "hair_color": "black", "skin_color": "light", "eye_color": "brown", "birth_year": "5ABY", "gender": "male", "home_world": 32}}, {"model": "app.director", "pk": 1, "fields": {"name": "George Lucas"}}, {"model": "app.director", "pk": 2, "fields": {"name": "Irvin Kershner"}}, {"model": "app.director", "pk": 3, "fields": {"name": "Richard Marquand"}}, {"model": "app.director", "pk": 4, "fields": {"name": "El Lun\u00e1tico"}}, {"model": "app.director", "pk": 5, "fields": {"name": "J.J. Abrams"}}, {"model": "app.producer", "pk": 1, "fields": {"name": "Gary Kurtz"}}, {"model": "app.producer", "pk": 2, "fields": {"name": "Rick McCallum"}}, {"model": "app.producer", "pk": 3, "fields": {"name": "George Lucas"}}, {"model": "app.producer", "pk": 4, "fields": {"name": "Howard G. Kazanjian"}}, {"model": "app.producer", "pk": 5, "fields": {"name": "J.J. Abrams"}}, {"model": "app.producer", "pk": 6, "fields": {"name": "J.J. Abrams"}}, {"model": "app.film", "pk": 1, "fields": {"created": "2014-12-10T14:23:31.880Z", "modified": "2014-12-20T19:49:45.256Z", "title": "A New Hope", "episode_id": 4, "opening_crawl": "It is a period of civil war.\r\nRebel spaceships, striking\r\nfrom a hidden base, have won\r\ntheir first victory against\r\nthe evil Galactic Empire.\r\n\r\nDuring the battle, Rebel\r\nspies managed to steal secret\r\nplans to the Empire's\r\nultimate weapon, the DEATH\r\nSTAR, an armored space\r\nstation with enough power\r\nto destroy an entire planet.\r\n\r\nPursued by the Empire's\r\nsinister agents, Princess\r\nLeia races home aboard her\r\nstarship, custodian of the\r\nstolen plans that can save her\r\npeople and restore\r\nfreedom to the galaxy....", "release_date": "1977-05-25", "director": 1, "producer": [1, 2], "characters": [1, 2, 3, 4, 5, 6, 7, 8, 9, 10, 12, 13, 14, 15, 16, 18, 19, 81], "planets": [1, 2, 3]}}, {"model": "app.film", "pk": 2, "fields": {"created": "2014-12-12T11:26:24.656Z", "modified": "2014-12-15T13:07:53.386Z", "title": "The Empire Strikes Back", "episode_id": 5, "opening_crawl": "It is a dark time for the\r\nRebellion. Although the Death\r\nStar has been destroyed,\r\nImperial troops have driven the\r\nRebel forces from their hidden\r\nbase and pursued them across\r\nthe galaxy.\r\n\r\nEvading the dreaded Imperial\r\nStarfleet, a group of freedom\r\nfighters led by Luke Skywalker\r\nhas established a new secret\r\nbase on the remote ice world\r\nof Hoth.\r\n\r\nThe evil lord Darth Vader,\r\nobsessed with finding young\r\nSkywalker, has dispatched\r\nthousands of remote probes into\r\nthe far reaches of space....", "release_date": "1980-05-17", "director": 2, "producer": [1, 2], "characters": [1, 2, 3, 4, 5, 10, 13, 14, 18, 20, 21, 22, 23, 24, 25, 26], "planets": [4, 5, 6, 27]}}, {"model": "app.film", "pk": 3, "fields": {"created": "2014-12-18T10:39:33.255Z", "modified": "2014-12-20T09:48:37.462Z", "title": "Return of the Jedi", "episode_id": 6, "opening_crawl": "Luke Skywalker has returned to\r\nhis home planet of Tatooine in\r\nan attempt to rescue his\r\nfriend Han Solo from the\r\nclutches of the vile gangster\r\nJabba the Hutt.\r\n\r\nLittle does Luke know that the\r\nGALACTIC EMPIRE has secretly\r\nbegun construction on a new\r\narmored space station even\r\nmore powerful than the first\r\ndreaded Death Star.\r\n\r\nWhen completed, this ultimate\r\nweapon will spell certain doom\r\nfor the small band of rebels\r\nstruggling to restore freedom\r\nto the galaxy...", "release_date": "1983-05-25", "director": 3, "producer": [2, 3, 4], "characters": [1, 2, 3, 4, 5, 10, 13, 14, 16, 18, 20, 21, 22, 25, 27, 28, 29, 30, 31, 45], "planets": [1, 5, 7, 8, 9]}}, {"model": "app.film", "pk": 4, "fields": {"created": "2014-12-19T16:52:55.740Z", "modified": "2014-12-20T10:54:07.216Z", "title": "The Phantom Menace", "episode_id": 1, "opening_crawl": "Turmoil has engulfed the\r\nGalactic Republic. The taxation\r\nof trade routes to outlying star\r\nsystems is in dispute.\r\n\r\nHoping to resolve the matter\r\nwith a blockade of deadly\r\nbattleships, the greedy Trade\r\nFederation has stopped all\r\nshipping to the small planet\r\nof Naboo.\r\n\r\nWhile the Congress of the\r\nRepublic endlessly debates\r\nthis alarming chain of events,\r\nthe Supreme Chancellor has\r\nsecretly dispatched two Jedi\r\nKnights, the guardians of\r\npeace and justice in the\r\ngalaxy, to settle the conflict....", "release_date": "1999-05-19", "director": 1, "producer": [2], "characters": [2, 3, 10, 11, 16, 20, 21, 32, 33, 34, 35, 36, 37, 38, 39, 40, 41, 42, 43, 44, 46, 47, 48, 49, 50, 51, 52, 53, 54, 55, 56, 57, 58, 59], "planets": [1, 8, 9]}}, {"model": "app.film", "pk": 5, "fields": {"created": "2014-12-20T10:57:57.886Z", "modified": "2014-12-20T20:18:48.516Z", "title": "Attack of the Clones", "episode_id": 2, "opening_crawl": "There is unrest in the Galactic\r\nSenate. Several thousand solar\r\nsystems have declared their\r\nintentions to leave the Republic.\r\n\r\nThis separatist movement,\r\nunder the leadership of the\r\nmysterious Count Dooku, has\r\nmade it difficult for the limited\r\nnumber of Jedi Knights to maintain \r\npeace and order in the galaxy.\r\n\r\nSenator Amidala, the former\r\nQueen of Naboo, is returning\r\nto the Galactic Senate to vote\r\non the critical issue of creating\r\nan ARMY OF THE REPUBLIC\r\nto assist the overwhelmed\r\nJedi....", "release_date": "2002-05-16", "director": 1, "producer": [2], "characters": [2, 3, 6, 7, 10, 11, 20, 21, 22, 33, 35, 36, 40, 43, 46, 51, 52, 53, 58, 59, 60, 61, 62, 63, 64, 65, 66, 67, 68, 69, 70, 71, 72, 73, 74, 75, 76, 77, 78, 82], "planets": [1, 8, 9, 10, 11]}}, {"model": "app.film", "pk": 6, "fields": {"created": "2014-12-20T18:49:38.403Z", "modified": "2014-12-20T20:47:52.073Z", "title": "Revenge of the Sith", "episode_id": 3, "opening_crawl": "War! The Republic is crumbling\r\nunder attacks by the ruthless\r\nSith Lord, Count Dooku.\r\nThere are heroes on both sides.\r\nEvil is everywhere.\r\n\r\nIn a stunning move, the\r\nfiendish droid leader, General\r\nGrievous, has swept into the\r\nRepublic capital and kidnapped\r\nChancellor Palpatine, leader of\r\nthe Galactic Senate.\r\n\r\nAs the Separatist Droid Army\r\nattempts to flee the besieged\r\ncapital with their valuable\r\nhostage, two Jedi Knights lead a\r\ndesperate mission to rescue the\r\ncaptive Chancellor....", "release_date": "2005-05-19", "director": 1, "producer": [2], "characters": [1, 2, 3, 4, 5, 6, 7, 10, 11, 12, 13, 20, 21, 33, 35, 46, 51, 52, 53, 54, 55, 56, 58, 63, 64, 67, 68, 75, 78, 79, 80, 81, 82, 83], "planets": [1, 2, 5, 8, 9, 12, 13, 14, 15, 16, 17, 18, 19]}}, {"model": "app.film", "pk": 7, "fields": {"created": "2020-06-14T18:23:30.831Z", "modified": "2020-06-14T18:23:30.831Z", "title": "The Rise of Skywalker", "episode_id": 9, "opening_crawl": "In a galaxy far far away...", "release_date": "2019-12-20", "director": 4, "producer": [], "characters": [], "planets": []}}, {"model": "app.film", "pk": 8, "fields": {"created": "2020-06-14T18:25:52.436Z", "modified": "2020-06-14T18:25:52.436Z", "title": "The Rise of Skywalker", "episode_id": 9, "opening_crawl": "In a galaxy far far away...", "release_date": "2019-12-20", "director": 4, "producer": [], "characters": [], "planets": []}}, {"model": "app.film", "pk": 9, "fields": {"created": "2020-06-14T18:28:10.849Z", "modified": "2020-06-14T18:28:10.849Z", "title": "The Rise of Skywalker", "episode_id": 9, "opening_crawl": "In a galaxy far far away...", "release_date": "2019-12-20", "director": 4, "producer": [], "characters": [], "planets": []}}, {"model": "app.film", "pk": 10, "fields": {"created": "2020-06-14T18:28:22.504Z", "modified": "2020-06-14T18:28:22.504Z", "title": "The Rise of Skywalker", "episode_id": 9, "opening_crawl": "In a galaxy far far away...", "release_date": "2019-12-20", "director": 4, "producer": [], "characters": [], "planets": []}}, {"model": "app.film", "pk": 11, "fields": {"created": "2020-06-14T18:29:45.342Z", "modified": "2020-06-14T18:29:45.342Z", "title": "The Rise of Skywalker", "episode_id": 9, "opening_crawl": "In a galaxy far far away...", "release_date": "2019-12-20", "director": 4, "producer": [], "characters": [], "planets": []}}, {"model": "app.film", "pk": 12, "fields": {"created": "2020-06-14T18:30:04.453Z", "modified": "2020-06-14T18:30:04.453Z", "title": "The Rise of Skywalker", "episode_id": 9, "opening_crawl": "In a galaxy far far away...", "release_date": "2019-12-20", "director": 4, "producer": [5, 6], "characters": [], "planets": []}}]